AveragePrice,Total Volume,type,year,region
1.13,450816.39,conventional,2015,Boston
1.07,489802.88,conventional,2015,Boston
1.01,549945.76,conventional,2015,Boston
1.02,488679.31,conventional,2015,Boston
1.19,350559.81,conventional,2015,Boston
1.07,466759.99,conventional,2015,Boston
1.05,513738.98,conventional,2015,Boston
1.04,641759.57,conventional,2015,Boston
1.06,553096.84,conventional,2015,Boston
1.02,534249.47,conventional,2015,Boston
0.94,725296.29,conventional,2015,Boston
1.14,485706.68,conventional,2015,Boston
1.07,536479.42,conventional,2015,Boston
1.07,553307.04,conventional,2015,Boston
1.15,498640.23,conventional,2015,Boston
1.03,655682.95,conventional,2015,Boston
1.11,577774.74,conventional,2015,Boston
1.13,526664.87,conventional,2015,Boston
1.07,589471.32,conventional,2015,Boston
1.15,565795.06,conventional,2015,Boston
1.07,690517.19,conventional,2015,Boston
1.17,571994.5,conventional,2015,Boston
1.28,500233.69,conventional,2015,Boston
1.18,597168.12,conventional,2015,Boston
1.14,634515.74,conventional,2015,Boston
1.27,582909.73,conventional,2015,Boston
1.25,560494.92,conventional,2015,Boston
1.24,543504.66,conventional,2015,Boston
1.08,684346.48,conventional,2015,Boston
1.25,562542.86,conventional,2015,Boston
1.26,565160.95,conventional,2015,Boston
1.14,633521.98,conventional,2015,Boston
1.26,534488.54,conventional,2015,Boston
1.14,625558.14,conventional,2015,Boston
1.17,552368.94,conventional,2015,Boston
1.28,465911.37,conventional,2015,Boston
1.15,504619.83,conventional,2015,Boston
1.26,408485.16,conventional,2015,Boston
1.27,449818.01,conventional,2015,Boston
1.19,453631.25,conventional,2015,Boston
1.18,453173.22,conventional,2015,Boston
1.25,417750.36,conventional,2015,Boston
1.17,408403.96,conventional,2015,Boston
1.11,485736.1,conventional,2015,Boston
1.23,355432.28,conventional,2015,Boston
1.2,399883.99,conventional,2015,Boston
1.04,609985.34,conventional,2015,Boston
1.22,490022.14,conventional,2015,Boston
1.17,409343.56,conventional,2015,Boston
1.23,401331.33,conventional,2015,Boston
1.1,437771.89,conventional,2015,Boston
1.02,491738.0,conventional,2015,Boston
0.93,661137.13,conventional,2015,Chicago
0.91,690669.34,conventional,2015,Chicago
1.07,668601.5,conventional,2015,Chicago
1.14,664020.49,conventional,2015,Chicago
1.11,602481.22,conventional,2015,Chicago
0.94,751897.89,conventional,2015,Chicago
1.17,641881.96,conventional,2015,Chicago
1.01,711146.61,conventional,2015,Chicago
1.0,807041.46,conventional,2015,Chicago
1.12,687650.27,conventional,2015,Chicago
1.15,690302.58,conventional,2015,Chicago
1.08,708914.17,conventional,2015,Chicago
1.18,675172.63,conventional,2015,Chicago
1.15,720501.55,conventional,2015,Chicago
1.19,729117.42,conventional,2015,Chicago
1.19,775671.49,conventional,2015,Chicago
1.11,808677.78,conventional,2015,Chicago
1.12,773773.53,conventional,2015,Chicago
1.2,751850.01,conventional,2015,Chicago
1.16,817690.89,conventional,2015,Chicago
1.25,731125.01,conventional,2015,Chicago
1.27,761027.42,conventional,2015,Chicago
1.12,791332.34,conventional,2015,Chicago
1.24,797060.27,conventional,2015,Chicago
1.26,772151.2,conventional,2015,Chicago
1.24,937317.45,conventional,2015,Chicago
1.21,786250.22,conventional,2015,Chicago
1.24,804902.52,conventional,2015,Chicago
1.21,868197.41,conventional,2015,Chicago
1.24,824216.23,conventional,2015,Chicago
1.26,803571.87,conventional,2015,Chicago
1.23,887105.04,conventional,2015,Chicago
1.23,817870.17,conventional,2015,Chicago
1.23,835938.63,conventional,2015,Chicago
1.04,978376.13,conventional,2015,Chicago
1.24,779868.01,conventional,2015,Chicago
1.24,832529.06,conventional,2015,Chicago
1.24,710718.98,conventional,2015,Chicago
1.27,751812.42,conventional,2015,Chicago
1.22,757271.96,conventional,2015,Chicago
1.21,799946.53,conventional,2015,Chicago
1.09,827010.39,conventional,2015,Chicago
1.18,772997.09,conventional,2015,Chicago
1.09,863391.73,conventional,2015,Chicago
1.18,773078.09,conventional,2015,Chicago
1.17,726401.24,conventional,2015,Chicago
1.13,729325.61,conventional,2015,Chicago
0.91,1133491.66,conventional,2015,Chicago
1.22,745439.17,conventional,2015,Chicago
1.14,797741.43,conventional,2015,Chicago
1.15,802874.94,conventional,2015,Chicago
1.11,783068.03,conventional,2015,Chicago
0.98,251443.08,conventional,2015,SouthCarolina
1.04,211066.05,conventional,2015,SouthCarolina
0.96,257166.53,conventional,2015,SouthCarolina
1.03,233274.4,conventional,2015,SouthCarolina
0.97,217965.37,conventional,2015,SouthCarolina
0.99,216767.98,conventional,2015,SouthCarolina
1.07,224373.12,conventional,2015,SouthCarolina
1.08,221080.11,conventional,2015,SouthCarolina
1.0,280886.82,conventional,2015,SouthCarolina
1.11,223607.39,conventional,2015,SouthCarolina
1.12,226246.39,conventional,2015,SouthCarolina
1.03,267962.33,conventional,2015,SouthCarolina
1.04,267919.95,conventional,2015,SouthCarolina
1.08,253422.99,conventional,2015,SouthCarolina
1.02,312177.28,conventional,2015,SouthCarolina
1.14,269754.97,conventional,2015,SouthCarolina
1.0,353755.0,conventional,2015,SouthCarolina
1.15,280699.74,conventional,2015,SouthCarolina
1.09,310381.51,conventional,2015,SouthCarolina
1.12,320750.54,conventional,2015,SouthCarolina
1.05,353930.82,conventional,2015,SouthCarolina
1.14,309611.87,conventional,2015,SouthCarolina
1.11,327629.87,conventional,2015,SouthCarolina
1.05,379505.99,conventional,2015,SouthCarolina
1.14,320934.33,conventional,2015,SouthCarolina
1.05,406711.2,conventional,2015,SouthCarolina
1.11,340424.79,conventional,2015,SouthCarolina
1.03,392755.13,conventional,2015,SouthCarolina
1.1,339919.17,conventional,2015,SouthCarolina
1.04,378845.21,conventional,2015,SouthCarolina
1.13,322891.36,conventional,2015,SouthCarolina
1.05,407499.97,conventional,2015,SouthCarolina
1.09,346700.41,conventional,2015,SouthCarolina
1.13,329845.26,conventional,2015,SouthCarolina
0.97,457411.45,conventional,2015,SouthCarolina
1.1,319659.25,conventional,2015,SouthCarolina
1.08,322940.72,conventional,2015,SouthCarolina
1.05,356627.38,conventional,2015,SouthCarolina
1.1,311646.73,conventional,2015,SouthCarolina
1.11,284839.51,conventional,2015,SouthCarolina
1.0,366680.0,conventional,2015,SouthCarolina
1.15,297855.71,conventional,2015,SouthCarolina
1.14,289679.91,conventional,2015,SouthCarolina
1.05,337576.71,conventional,2015,SouthCarolina
1.02,332918.7,conventional,2015,SouthCarolina
1.11,278514.05,conventional,2015,SouthCarolina
1.06,282822.72,conventional,2015,SouthCarolina
0.91,469684.32,conventional,2015,SouthCarolina
1.06,311348.31,conventional,2015,SouthCarolina
1.15,276205.95,conventional,2015,SouthCarolina
1.1,279706.73,conventional,2015,SouthCarolina
1.01,309024.22,conventional,2015,SouthCarolina
1.28,447600.75,conventional,2016,Boston
1.09,579577.33,conventional,2016,Boston
1.22,510800.58,conventional,2016,Boston
1.26,473428.36,conventional,2016,Boston
1.45,391257.01,conventional,2016,Boston
1.39,475677.35,conventional,2016,Boston
1.56,397601.1,conventional,2016,Boston
1.62,366175.49,conventional,2016,Boston
1.67,376500.91,conventional,2016,Boston
1.58,439551.69,conventional,2016,Boston
1.6,453605.17,conventional,2016,Boston
1.49,468135.46,conventional,2016,Boston
1.59,459163.77,conventional,2016,Boston
1.53,483057.37,conventional,2016,Boston
1.45,489600.6,conventional,2016,Boston
1.27,672672.86,conventional,2016,Boston
1.41,541671.24,conventional,2016,Boston
1.37,582023.28,conventional,2016,Boston
1.31,586072.78,conventional,2016,Boston
1.29,602605.29,conventional,2016,Boston
1.48,525387.25,conventional,2016,Boston
1.61,508949.6,conventional,2016,Boston
1.52,509094.85,conventional,2016,Boston
1.56,488508.05,conventional,2016,Boston
1.32,549815.44,conventional,2016,Boston
1.38,585484.69,conventional,2016,Boston
1.33,626972.88,conventional,2016,Boston
1.32,649660.14,conventional,2016,Boston
1.29,632855.52,conventional,2016,Boston
1.26,634989.55,conventional,2016,Boston
1.08,673496.13,conventional,2016,Boston
1.05,665086.17,conventional,2016,Boston
1.06,709563.16,conventional,2016,Boston
0.85,924194.42,conventional,2016,Boston
1.05,716003.18,conventional,2016,Boston
1.07,626895.08,conventional,2016,Boston
1.08,617179.71,conventional,2016,Boston
0.99,652546.84,conventional,2016,Boston
1.11,559718.46,conventional,2016,Boston
1.08,639420.34,conventional,2016,Boston
1.1,645235.38,conventional,2016,Boston
1.05,651211.44,conventional,2016,Boston
1.1,600639.74,conventional,2016,Boston
1.08,652943.0,conventional,2016,Boston
1.14,553709.44,conventional,2016,Boston
0.98,751656.56,conventional,2016,Boston
1.05,678810.37,conventional,2016,Boston
1.03,651616.91,conventional,2016,Boston
1.05,670376.77,conventional,2016,Boston
1.02,665217.66,conventional,2016,Boston
1.15,536674.53,conventional,2016,Boston
1.01,610622.03,conventional,2016,Boston
1.22,616653.72,conventional,2016,Chicago
1.18,631117.18,conventional,2016,Chicago
1.09,734954.21,conventional,2016,Chicago
1.27,624751.15,conventional,2016,Chicago
1.1,581638.75,conventional,2016,Chicago
1.13,694873.06,conventional,2016,Chicago
1.82,436710.91,conventional,2016,Chicago
2.07,376476.71,conventional,2016,Chicago
2.07,375213.57,conventional,2016,Chicago
1.84,431274.2,conventional,2016,Chicago
1.8,523682.5,conventional,2016,Chicago
1.82,515146.04,conventional,2016,Chicago
1.83,509215.79,conventional,2016,Chicago
1.8,553863.82,conventional,2016,Chicago
1.7,600389.56,conventional,2016,Chicago
1.67,635036.01,conventional,2016,Chicago
1.6,670453.42,conventional,2016,Chicago
1.6,621715.78,conventional,2016,Chicago
1.63,628099.41,conventional,2016,Chicago
1.67,626086.69,conventional,2016,Chicago
1.68,644670.46,conventional,2016,Chicago
1.68,614939.39,conventional,2016,Chicago
1.66,658913.69,conventional,2016,Chicago
1.51,717279.19,conventional,2016,Chicago
1.53,712080.66,conventional,2016,Chicago
1.23,974278.32,conventional,2016,Chicago
1.18,860170.92,conventional,2016,Chicago
1.2,882074.39,conventional,2016,Chicago
1.3,770843.17,conventional,2016,Chicago
1.2,885602.82,conventional,2016,Chicago
1.15,958566.68,conventional,2016,Chicago
1.11,903864.9,conventional,2016,Chicago
1.04,930403.37,conventional,2016,Chicago
0.97,974740.13,conventional,2016,Chicago
1.0,890281.5,conventional,2016,Chicago
1.08,879308.05,conventional,2016,Chicago
1.08,913421.8,conventional,2016,Chicago
1.11,770661.72,conventional,2016,Chicago
1.15,712210.03,conventional,2016,Chicago
0.9,865585.06,conventional,2016,Chicago
1.11,770557.34,conventional,2016,Chicago
1.0,823796.56,conventional,2016,Chicago
1.13,809325.93,conventional,2016,Chicago
1.15,780951.86,conventional,2016,Chicago
1.09,752336.04,conventional,2016,Chicago
1.0,803120.71,conventional,2016,Chicago
0.82,1134049.22,conventional,2016,Chicago
1.12,774091.49,conventional,2016,Chicago
1.01,794029.7,conventional,2016,Chicago
1.11,778412.5,conventional,2016,Chicago
1.08,844277.25,conventional,2016,Chicago
0.93,1009667.15,conventional,2016,Chicago
1.02,308342.51,conventional,2016,SouthCarolina
1.07,269690.96,conventional,2016,SouthCarolina
1.2,243555.26,conventional,2016,SouthCarolina
1.09,304040.1,conventional,2016,SouthCarolina
1.33,229072.3,conventional,2016,SouthCarolina
1.34,246915.39,conventional,2016,SouthCarolina
1.41,255288.43,conventional,2016,SouthCarolina
1.5,222378.08,conventional,2016,SouthCarolina
1.43,227993.9,conventional,2016,SouthCarolina
1.4,260446.46,conventional,2016,SouthCarolina
1.3,281240.11,conventional,2016,SouthCarolina
1.32,262764.71,conventional,2016,SouthCarolina
1.3,301001.94,conventional,2016,SouthCarolina
1.25,327724.02,conventional,2016,SouthCarolina
1.12,331549.04,conventional,2016,SouthCarolina
1.08,341887.56,conventional,2016,SouthCarolina
1.03,419927.05,conventional,2016,SouthCarolina
1.11,352297.98,conventional,2016,SouthCarolina
1.08,381549.32,conventional,2016,SouthCarolina
1.11,389639.12,conventional,2016,SouthCarolina
1.17,362625.87,conventional,2016,SouthCarolina
1.18,344490.91,conventional,2016,SouthCarolina
1.18,336673.77,conventional,2016,SouthCarolina
1.17,336050.16,conventional,2016,SouthCarolina
1.08,389300.41,conventional,2016,SouthCarolina
0.95,515792.87,conventional,2016,SouthCarolina
1.07,367778.6,conventional,2016,SouthCarolina
0.97,451741.89,conventional,2016,SouthCarolina
1.04,357902.32,conventional,2016,SouthCarolina
0.94,416168.39,conventional,2016,SouthCarolina
0.97,441398.16,conventional,2016,SouthCarolina
1.04,343576.29,conventional,2016,SouthCarolina
0.89,422276.07,conventional,2016,SouthCarolina
0.82,504149.45,conventional,2016,SouthCarolina
0.76,591962.95,conventional,2016,SouthCarolina
0.93,420066.9,conventional,2016,SouthCarolina
1.01,370690.55,conventional,2016,SouthCarolina
0.96,397990.96,conventional,2016,SouthCarolina
1.05,340564.79,conventional,2016,SouthCarolina
1.07,315023.95,conventional,2016,SouthCarolina
1.07,331531.06,conventional,2016,SouthCarolina
0.96,414943.26,conventional,2016,SouthCarolina
1.06,325786.78,conventional,2016,SouthCarolina
0.93,387740.23,conventional,2016,SouthCarolina
1.04,302654.13,conventional,2016,SouthCarolina
0.91,342704.71,conventional,2016,SouthCarolina
0.69,593759.78,conventional,2016,SouthCarolina
1.01,312455.27,conventional,2016,SouthCarolina
0.95,317032.31,conventional,2016,SouthCarolina
1.05,287599.16,conventional,2016,SouthCarolina
0.98,322434.61,conventional,2016,SouthCarolina
1.03,319228.46,conventional,2016,SouthCarolina
1.4,419696.59,conventional,2017,Boston
1.45,414147.94,conventional,2017,Boston
1.28,516770.62,conventional,2017,Boston
1.14,687251.82,conventional,2017,Boston
1.4,488588.0,conventional,2017,Boston
1.39,423778.0,conventional,2017,Boston
1.36,476236.0,conventional,2017,Boston
1.23,639092.0,conventional,2017,Boston
1.49,440972.34,conventional,2017,Boston
1.49,465106.32,conventional,2017,Boston
1.48,435243.72,conventional,2017,Boston
1.59,418233.95,conventional,2017,Boston
1.61,451608.73,conventional,2017,Boston
1.62,482271.83,conventional,2017,Boston
1.62,498019.71,conventional,2017,Boston
1.58,462796.84,conventional,2017,Boston
1.63,524513.26,conventional,2017,Boston
1.81,457862.0,conventional,2017,Boston
1.79,455915.26,conventional,2017,Boston
1.77,474982.44,conventional,2017,Boston
1.52,624419.06,conventional,2017,Boston
1.55,604758.68,conventional,2017,Boston
1.48,568255.53,conventional,2017,Boston
1.37,686734.63,conventional,2017,Boston
1.56,594015.93,conventional,2017,Boston
1.69,560021.69,conventional,2017,Boston
1.67,545128.14,conventional,2017,Boston
1.68,545889.03,conventional,2017,Boston
1.66,581303.33,conventional,2017,Boston
1.72,583709.06,conventional,2017,Boston
1.73,590580.03,conventional,2017,Boston
1.73,602637.88,conventional,2017,Boston
1.69,572421.46,conventional,2017,Boston
1.62,610348.46,conventional,2017,Boston
1.49,676849.88,conventional,2017,Boston
1.61,603284.31,conventional,2017,Boston
1.63,520793.48,conventional,2017,Boston
1.61,592049.78,conventional,2017,Boston
1.53,629799.49,conventional,2017,Boston
1.56,571902.2,conventional,2017,Boston
1.51,550948.58,conventional,2017,Boston
1.54,540540.5,conventional,2017,Boston
1.55,495117.57,conventional,2017,Boston
1.3,620307.93,conventional,2017,Boston
1.24,599178.18,conventional,2017,Boston
1.31,521125.33,conventional,2017,Boston
1.12,791126.41,conventional,2017,Boston
1.19,772110.18,conventional,2017,Boston
1.32,604106.12,conventional,2017,Boston
1.26,663735.14,conventional,2017,Boston
1.3,577976.65,conventional,2017,Boston
1.09,730358.49,conventional,2017,Boston
1.29,458830.49,conventional,2017,Boston
0.93,1182647.5,conventional,2017,Chicago
1.36,707646.11,conventional,2017,Chicago
1.49,620053.78,conventional,2017,Chicago
1.13,1021445.27,conventional,2017,Chicago
1.56,654739.0,conventional,2017,Chicago
1.7,506394.0,conventional,2017,Chicago
1.71,555872.0,conventional,2017,Chicago
1.78,541010.0,conventional,2017,Chicago
1.77,538967.37,conventional,2017,Chicago
1.94,551605.92,conventional,2017,Chicago
2.06,519814.03,conventional,2017,Chicago
2.11,546055.57,conventional,2017,Chicago
2.22,516320.59,conventional,2017,Chicago
2.14,537708.81,conventional,2017,Chicago
2.07,551895.8,conventional,2017,Chicago
2.15,553215.27,conventional,2017,Chicago
2.02,590590.1,conventional,2017,Chicago
2.0,614460.2,conventional,2017,Chicago
1.93,624618.47,conventional,2017,Chicago
1.88,674811.14,conventional,2017,Chicago
1.89,640354.46,conventional,2017,Chicago
1.72,692140.55,conventional,2017,Chicago
1.62,735265.55,conventional,2017,Chicago
1.59,752799.06,conventional,2017,Chicago
1.54,801887.84,conventional,2017,Chicago
1.54,880107.48,conventional,2017,Chicago
1.45,943746.5,conventional,2017,Chicago
1.44,868770.67,conventional,2017,Chicago
1.53,862382.95,conventional,2017,Chicago
1.6,807370.03,conventional,2017,Chicago
1.64,776194.77,conventional,2017,Chicago
1.63,781085.77,conventional,2017,Chicago
1.64,764241.14,conventional,2017,Chicago
1.6,792532.64,conventional,2017,Chicago
1.51,976084.98,conventional,2017,Chicago
1.62,787324.19,conventional,2017,Chicago
1.63,719367.5,conventional,2017,Chicago
1.65,742675.28,conventional,2017,Chicago
1.65,699592.47,conventional,2017,Chicago
1.65,676300.83,conventional,2017,Chicago
1.64,656875.03,conventional,2017,Chicago
1.64,678898.01,conventional,2017,Chicago
1.66,665364.72,conventional,2017,Chicago
1.62,680803.2,conventional,2017,Chicago
1.61,674827.05,conventional,2017,Chicago
1.27,728402.35,conventional,2017,Chicago
1.05,874349.55,conventional,2017,Chicago
0.7,1621253.97,conventional,2017,Chicago
1.1,830499.38,conventional,2017,Chicago
1.21,845065.66,conventional,2017,Chicago
1.23,776820.81,conventional,2017,Chicago
1.16,822522.24,conventional,2017,Chicago
1.15,803348.87,conventional,2017,Chicago
0.99,460716.58,conventional,2017,SouthCarolina
1.22,294202.67,conventional,2017,SouthCarolina
1.04,348367.63,conventional,2017,SouthCarolina
1.02,382563.7,conventional,2017,SouthCarolina
1.12,349900.0,conventional,2017,SouthCarolina
1.25,269322.0,conventional,2017,SouthCarolina
1.23,295766.0,conventional,2017,SouthCarolina
1.23,340345.0,conventional,2017,SouthCarolina
1.28,308280.39,conventional,2017,SouthCarolina
1.32,310343.81,conventional,2017,SouthCarolina
1.57,275350.6,conventional,2017,SouthCarolina
1.69,275807.02,conventional,2017,SouthCarolina
1.56,316112.15,conventional,2017,SouthCarolina
1.64,296183.33,conventional,2017,SouthCarolina
1.57,300285.1,conventional,2017,SouthCarolina
1.46,311277.81,conventional,2017,SouthCarolina
1.42,286146.89,conventional,2017,SouthCarolina
1.44,328515.05,conventional,2017,SouthCarolina
1.41,333689.71,conventional,2017,SouthCarolina
1.4,348843.91,conventional,2017,SouthCarolina
1.36,370979.09,conventional,2017,SouthCarolina
1.37,336237.92,conventional,2017,SouthCarolina
1.3,359544.03,conventional,2017,SouthCarolina
1.3,382711.86,conventional,2017,SouthCarolina
1.28,385644.8,conventional,2017,SouthCarolina
1.24,380517.93,conventional,2017,SouthCarolina
1.28,413263.16,conventional,2017,SouthCarolina
1.17,406520.66,conventional,2017,SouthCarolina
1.3,356093.51,conventional,2017,SouthCarolina
1.3,404634.09,conventional,2017,SouthCarolina
1.33,423186.06,conventional,2017,SouthCarolina
1.41,393303.27,conventional,2017,SouthCarolina
1.38,363333.32,conventional,2017,SouthCarolina
1.34,367894.37,conventional,2017,SouthCarolina
1.19,531412.4,conventional,2017,SouthCarolina
1.34,429088.02,conventional,2017,SouthCarolina
1.36,374054.54,conventional,2017,SouthCarolina
1.37,368844.67,conventional,2017,SouthCarolina
1.38,345869.64,conventional,2017,SouthCarolina
1.38,366510.61,conventional,2017,SouthCarolina
1.41,343469.43,conventional,2017,SouthCarolina
1.37,332804.42,conventional,2017,SouthCarolina
1.4,325834.91,conventional,2017,SouthCarolina
1.31,326142.89,conventional,2017,SouthCarolina
1.06,404208.68,conventional,2017,SouthCarolina
1.14,331446.6,conventional,2017,SouthCarolina
0.99,395220.24,conventional,2017,SouthCarolina
0.81,706098.15,conventional,2017,SouthCarolina
1.11,395411.39,conventional,2017,SouthCarolina
1.0,451738.89,conventional,2017,SouthCarolina
1.14,369916.29,conventional,2017,SouthCarolina
1.15,352660.2,conventional,2017,SouthCarolina
1.0,402162.87,conventional,2017,SouthCarolina
1.39,641462.43,conventional,2018,Boston
1.38,602177.43,conventional,2018,Boston
1.34,629090.87,conventional,2018,Boston
1.19,785188.72,conventional,2018,Boston
1.41,527274.99,conventional,2018,Boston
1.51,515022.94,conventional,2018,Boston
1.3,834304.52,conventional,2018,Boston
1.39,725934.21,conventional,2018,Boston
1.22,800274.4,conventional,2018,Boston
1.12,999783.13,conventional,2018,Boston
1.49,533150.49,conventional,2018,Boston
1.28,685417.51,conventional,2018,Boston
1.36,908202.13,conventional,2018,Chicago
1.42,841171.24,conventional,2018,Chicago
1.54,830421.03,conventional,2018,Chicago
1.53,820728.47,conventional,2018,Chicago
1.51,794925.31,conventional,2018,Chicago
1.53,736317.26,conventional,2018,Chicago
1.39,897178.36,conventional,2018,Chicago
0.88,1802646.35,conventional,2018,Chicago
1.36,947968.47,conventional,2018,Chicago
1.42,951648.11,conventional,2018,Chicago
1.64,762997.53,conventional,2018,Chicago
1.5,842141.42,conventional,2018,Chicago
1.19,450658.34,conventional,2018,SouthCarolina
1.06,542846.79,conventional,2018,SouthCarolina
1.13,482065.76,conventional,2018,SouthCarolina
1.16,457398.25,conventional,2018,SouthCarolina
1.25,405689.01,conventional,2018,SouthCarolina
1.2,396970.44,conventional,2018,SouthCarolina
1.05,452805.55,conventional,2018,SouthCarolina
0.96,678235.27,conventional,2018,SouthCarolina
1.22,435490.6,conventional,2018,SouthCarolina
1.1,506254.11,conventional,2018,SouthCarolina
1.24,423919.68,conventional,2018,SouthCarolina
1.19,402919.29,conventional,2018,SouthCarolina
1.48,7986.08,organic,2015,Boston
1.41,7939.48,organic,2015,Boston
1.55,8563.97,organic,2015,Boston
1.29,8286.37,organic,2015,Boston
1.28,6869.81,organic,2015,Boston
1.27,7668.48,organic,2015,Boston
1.15,8779.47,organic,2015,Boston
1.22,7507.69,organic,2015,Boston
1.3,7166.04,organic,2015,Boston
1.27,8471.24,organic,2015,Boston
1.26,6986.04,organic,2015,Boston
1.26,7698.58,organic,2015,Boston
1.28,8186.26,organic,2015,Boston
2.0,2023.36,organic,2015,Boston
2.01,2623.42,organic,2015,Boston
2.0,3283.74,organic,2015,Boston
1.97,3343.86,organic,2015,Boston
2.03,2633.6,organic,2015,Boston
2.0,3080.47,organic,2015,Boston
2.09,2694.61,organic,2015,Boston
2.02,2955.27,organic,2015,Boston
2.12,3357.29,organic,2015,Boston
2.02,3367.46,organic,2015,Boston
2.05,3388.25,organic,2015,Boston
2.19,2763.5,organic,2015,Boston
2.13,3135.77,organic,2015,Boston
2.03,3045.1,organic,2015,Boston
2.06,2662.63,organic,2015,Boston
2.03,2943.18,organic,2015,Boston
2.0,3641.0,organic,2015,Boston
1.94,4235.93,organic,2015,Boston
1.94,3507.89,organic,2015,Boston
1.91,4366.74,organic,2015,Boston
2.02,3428.91,organic,2015,Boston
1.82,4123.17,organic,2015,Boston
1.86,3517.6,organic,2015,Boston
1.94,2696.21,organic,2015,Boston
1.86,3619.27,organic,2015,Boston
1.91,3202.71,organic,2015,Boston
1.98,2121.96,organic,2015,Boston
1.94,2763.26,organic,2015,Boston
1.99,1965.57,organic,2015,Boston
1.91,2566.9,organic,2015,Boston
1.85,3024.12,organic,2015,Boston
1.74,3325.89,organic,2015,Boston
1.91,2271.95,organic,2015,Boston
1.91,3098.29,organic,2015,Boston
1.78,2943.85,organic,2015,Boston
2.01,1948.28,organic,2015,Boston
2.0,2209.34,organic,2015,Boston
1.94,2217.82,organic,2015,Boston
1.83,2192.13,organic,2015,Boston
1.58,20995.37,organic,2015,Chicago
1.58,22452.3,organic,2015,Chicago
1.59,24059.71,organic,2015,Chicago
1.59,27081.13,organic,2015,Chicago
1.59,22168.32,organic,2015,Chicago
1.57,24095.66,organic,2015,Chicago
1.58,25759.36,organic,2015,Chicago
1.59,26247.16,organic,2015,Chicago
1.6,24450.48,organic,2015,Chicago
1.61,22648.93,organic,2015,Chicago
1.79,19818.98,organic,2015,Chicago
1.69,19520.71,organic,2015,Chicago
1.78,20398.64,organic,2015,Chicago
1.67,24311.76,organic,2015,Chicago
1.6,26935.23,organic,2015,Chicago
1.61,27327.18,organic,2015,Chicago
1.61,28269.21,organic,2015,Chicago
1.6,30663.55,organic,2015,Chicago
1.61,31623.52,organic,2015,Chicago
1.62,29458.3,organic,2015,Chicago
1.62,28253.94,organic,2015,Chicago
1.59,27490.93,organic,2015,Chicago
1.62,26098.32,organic,2015,Chicago
1.65,19677.2,organic,2015,Chicago
1.66,18945.72,organic,2015,Chicago
1.67,19704.96,organic,2015,Chicago
1.68,18877.36,organic,2015,Chicago
1.82,16136.49,organic,2015,Chicago
1.87,18374.82,organic,2015,Chicago
1.85,19636.24,organic,2015,Chicago
1.85,18625.81,organic,2015,Chicago
1.86,20871.17,organic,2015,Chicago
1.57,24727.46,organic,2015,Chicago
1.47,27146.38,organic,2015,Chicago
1.51,27210.49,organic,2015,Chicago
1.51,31932.1,organic,2015,Chicago
1.55,27489.48,organic,2015,Chicago
1.3,88346.47,organic,2015,Chicago
1.65,21064.17,organic,2015,Chicago
1.66,15545.06,organic,2015,Chicago
1.67,16076.52,organic,2015,Chicago
1.64,15001.33,organic,2015,Chicago
1.62,16545.05,organic,2015,Chicago
1.82,11842.47,organic,2015,Chicago
1.83,10235.09,organic,2015,Chicago
1.81,10575.65,organic,2015,Chicago
1.78,9910.84,organic,2015,Chicago
1.52,14391.05,organic,2015,Chicago
1.83,10951.51,organic,2015,Chicago
1.81,12499.87,organic,2015,Chicago
1.79,12915.74,organic,2015,Chicago
1.49,17723.17,organic,2015,Chicago
1.71,3617.71,organic,2015,SouthCarolina
1.77,3240.71,organic,2015,SouthCarolina
1.74,3893.76,organic,2015,SouthCarolina
1.73,3775.9,organic,2015,SouthCarolina
1.71,3543.38,organic,2015,SouthCarolina
1.89,3128.95,organic,2015,SouthCarolina
1.82,3595.26,organic,2015,SouthCarolina
1.74,4719.1,organic,2015,SouthCarolina
1.75,4052.15,organic,2015,SouthCarolina
1.77,4663.44,organic,2015,SouthCarolina
1.84,4333.43,organic,2015,SouthCarolina
1.79,4198.66,organic,2015,SouthCarolina
1.96,3776.95,organic,2015,SouthCarolina
2.06,2725.27,organic,2015,SouthCarolina
1.91,3850.51,organic,2015,SouthCarolina
1.98,3338.53,organic,2015,SouthCarolina
2.0,4032.41,organic,2015,SouthCarolina
1.92,4295.83,organic,2015,SouthCarolina
1.91,4907.1,organic,2015,SouthCarolina
1.97,4371.78,organic,2015,SouthCarolina
2.0,3813.54,organic,2015,SouthCarolina
1.94,3856.28,organic,2015,SouthCarolina
1.81,3851.22,organic,2015,SouthCarolina
1.79,4076.63,organic,2015,SouthCarolina
1.84,4614.82,organic,2015,SouthCarolina
1.84,3840.59,organic,2015,SouthCarolina
1.9,3772.87,organic,2015,SouthCarolina
2.07,3191.86,organic,2015,SouthCarolina
1.99,3921.5,organic,2015,SouthCarolina
1.95,3556.7,organic,2015,SouthCarolina
2.02,3405.9,organic,2015,SouthCarolina
1.99,3812.69,organic,2015,SouthCarolina
1.44,5434.12,organic,2015,SouthCarolina
1.87,3783.3,organic,2015,SouthCarolina
1.92,3336.76,organic,2015,SouthCarolina
2.02,3545.7,organic,2015,SouthCarolina
1.87,4376.04,organic,2015,SouthCarolina
1.94,4030.76,organic,2015,SouthCarolina
1.97,3601.21,organic,2015,SouthCarolina
1.93,3194.76,organic,2015,SouthCarolina
1.77,4156.05,organic,2015,SouthCarolina
1.5,5224.18,organic,2015,SouthCarolina
1.53,4954.18,organic,2015,SouthCarolina
1.52,4830.76,organic,2015,SouthCarolina
1.69,3614.76,organic,2015,SouthCarolina
1.72,3363.2,organic,2015,SouthCarolina
1.56,6072.82,organic,2015,SouthCarolina
1.66,3977.03,organic,2015,SouthCarolina
2.01,2865.92,organic,2015,SouthCarolina
1.93,3024.32,organic,2015,SouthCarolina
2.06,2304.3,organic,2015,SouthCarolina
1.86,3351.76,organic,2015,SouthCarolina
1.98,11553.3,organic,2016,Boston
2.0,11811.4,organic,2016,Boston
1.88,13714.62,organic,2016,Boston
2.0,13905.77,organic,2016,Boston
1.94,9786.33,organic,2016,Boston
1.8,11287.83,organic,2016,Boston
1.59,9660.96,organic,2016,Boston
1.72,9755.42,organic,2016,Boston
1.49,8408.0,organic,2016,Boston
1.32,8153.98,organic,2016,Boston
1.43,8760.34,organic,2016,Boston
1.57,10417.82,organic,2016,Boston
1.63,11208.26,organic,2016,Boston
1.72,13904.53,organic,2016,Boston
1.86,18371.82,organic,2016,Boston
1.84,16980.59,organic,2016,Boston
1.73,14518.0,organic,2016,Boston
1.36,8395.34,organic,2016,Boston
1.28,11414.48,organic,2016,Boston
1.23,7117.91,organic,2016,Boston
1.31,9580.49,organic,2016,Boston
1.14,7313.26,organic,2016,Boston
1.49,9837.59,organic,2016,Boston
1.77,14776.98,organic,2016,Boston
1.59,12513.05,organic,2016,Boston
1.61,14709.87,organic,2016,Boston
1.6,12442.73,organic,2016,Boston
1.53,11590.31,organic,2016,Boston
1.37,10051.16,organic,2016,Boston
1.49,12722.85,organic,2016,Boston
1.59,12652.15,organic,2016,Boston
1.57,18030.82,organic,2016,Boston
1.58,14776.15,organic,2016,Boston
1.58,15589.8,organic,2016,Boston
1.79,18536.65,organic,2016,Boston
1.73,18656.87,organic,2016,Boston
1.59,12779.06,organic,2016,Boston
1.68,14563.78,organic,2016,Boston
1.73,12763.11,organic,2016,Boston
1.59,13143.32,organic,2016,Boston
1.59,11665.94,organic,2016,Boston
1.59,10556.46,organic,2016,Boston
1.7,10200.05,organic,2016,Boston
1.64,11259.09,organic,2016,Boston
1.52,9394.21,organic,2016,Boston
1.59,9526.6,organic,2016,Boston
1.62,9462.0,organic,2016,Boston
1.52,8221.86,organic,2016,Boston
1.46,8850.23,organic,2016,Boston
1.13,9327.19,organic,2016,Boston
1.32,7751.94,organic,2016,Boston
1.26,7629.12,organic,2016,Boston
1.34,33412.35,organic,2016,Chicago
1.34,40115.97,organic,2016,Chicago
1.32,54112.89,organic,2016,Chicago
1.71,35156.8,organic,2016,Chicago
2.3,20020.98,organic,2016,Chicago
2.3,24924.61,organic,2016,Chicago
2.25,28482.64,organic,2016,Chicago
2.24,28818.87,organic,2016,Chicago
2.23,32607.37,organic,2016,Chicago
2.2,28740.94,organic,2016,Chicago
2.11,30428.53,organic,2016,Chicago
2.04,26995.26,organic,2016,Chicago
2.05,27147.49,organic,2016,Chicago
2.05,26730.61,organic,2016,Chicago
2.06,21876.53,organic,2016,Chicago
2.07,30146.46,organic,2016,Chicago
2.08,29892.84,organic,2016,Chicago
2.09,27637.06,organic,2016,Chicago
2.08,31252.62,organic,2016,Chicago
2.09,27655.2,organic,2016,Chicago
2.13,26720.39,organic,2016,Chicago
2.11,28969.34,organic,2016,Chicago
1.93,24894.83,organic,2016,Chicago
1.89,26249.13,organic,2016,Chicago
2.01,12651.27,organic,2016,Chicago
1.5,15807.19,organic,2016,Chicago
1.8,27771.37,organic,2016,Chicago
1.53,37650.61,organic,2016,Chicago
1.53,40535.05,organic,2016,Chicago
1.24,42580.14,organic,2016,Chicago
1.08,65325.69,organic,2016,Chicago
1.33,45768.24,organic,2016,Chicago
1.61,32454.82,organic,2016,Chicago
1.62,34200.94,organic,2016,Chicago
1.61,31458.63,organic,2016,Chicago
1.63,35192.95,organic,2016,Chicago
1.55,25405.66,organic,2016,Chicago
1.68,35474.03,organic,2016,Chicago
1.66,35602.29,organic,2016,Chicago
1.5,35086.33,organic,2016,Chicago
1.5,32456.45,organic,2016,Chicago
1.5,29584.31,organic,2016,Chicago
1.49,36774.58,organic,2016,Chicago
1.6,34164.85,organic,2016,Chicago
1.55,32492.15,organic,2016,Chicago
1.58,28656.64,organic,2016,Chicago
1.6,31000.01,organic,2016,Chicago
1.61,28813.36,organic,2016,Chicago
1.62,25004.87,organic,2016,Chicago
1.52,25573.57,organic,2016,Chicago
1.62,35835.37,organic,2016,Chicago
1.62,24460.46,organic,2016,Chicago
1.59,6491.55,organic,2016,SouthCarolina
1.5,7408.4,organic,2016,SouthCarolina
1.49,7688.78,organic,2016,SouthCarolina
1.69,7030.03,organic,2016,SouthCarolina
1.77,7063.85,organic,2016,SouthCarolina
1.7,10629.43,organic,2016,SouthCarolina
1.73,10613.01,organic,2016,SouthCarolina
1.67,10649.94,organic,2016,SouthCarolina
1.73,8600.52,organic,2016,SouthCarolina
1.4,11386.72,organic,2016,SouthCarolina
1.55,9365.29,organic,2016,SouthCarolina
1.6,8734.25,organic,2016,SouthCarolina
1.87,8341.95,organic,2016,SouthCarolina
1.81,7733.79,organic,2016,SouthCarolina
1.66,9465.99,organic,2016,SouthCarolina
1.6,12458.37,organic,2016,SouthCarolina
1.6,11353.45,organic,2016,SouthCarolina
1.51,12471.57,organic,2016,SouthCarolina
1.6,12593.77,organic,2016,SouthCarolina
1.61,13377.37,organic,2016,SouthCarolina
1.42,15987.24,organic,2016,SouthCarolina
1.58,12518.72,organic,2016,SouthCarolina
1.58,11277.34,organic,2016,SouthCarolina
1.32,13916.21,organic,2016,SouthCarolina
1.35,11611.02,organic,2016,SouthCarolina
1.23,11068.68,organic,2016,SouthCarolina
1.24,12445.56,organic,2016,SouthCarolina
1.21,8957.97,organic,2016,SouthCarolina
1.31,9826.29,organic,2016,SouthCarolina
1.31,10467.48,organic,2016,SouthCarolina
1.41,9383.7,organic,2016,SouthCarolina
1.45,9809.46,organic,2016,SouthCarolina
1.48,9990.1,organic,2016,SouthCarolina
1.55,6899.7,organic,2016,SouthCarolina
1.44,8528.01,organic,2016,SouthCarolina
1.49,9294.82,organic,2016,SouthCarolina
1.47,8123.8,organic,2016,SouthCarolina
1.34,8212.07,organic,2016,SouthCarolina
1.37,7335.37,organic,2016,SouthCarolina
1.41,7001.06,organic,2016,SouthCarolina
1.36,7098.91,organic,2016,SouthCarolina
1.45,6135.77,organic,2016,SouthCarolina
1.56,5255.59,organic,2016,SouthCarolina
1.67,4454.16,organic,2016,SouthCarolina
1.58,4752.84,organic,2016,SouthCarolina
1.55,4901.72,organic,2016,SouthCarolina
1.61,4661.03,organic,2016,SouthCarolina
1.54,5545.65,organic,2016,SouthCarolina
1.5,5939.18,organic,2016,SouthCarolina
1.66,4600.84,organic,2016,SouthCarolina
1.6,6107.02,organic,2016,SouthCarolina
1.58,5893.4,organic,2016,SouthCarolina
1.86,25275.08,organic,2017,Boston
1.83,25639.14,organic,2017,Boston
1.82,24904.99,organic,2017,Boston
1.74,26314.71,organic,2017,Boston
1.88,21338.43,organic,2017,Boston
1.81,21588.38,organic,2017,Boston
1.81,26149.55,organic,2017,Boston
1.87,26148.28,organic,2017,Boston
1.95,28626.61,organic,2017,Boston
1.83,34011.21,organic,2017,Boston
1.58,34913.38,organic,2017,Boston
1.6,37877.39,organic,2017,Boston
1.56,30044.2,organic,2017,Boston
1.61,26718.67,organic,2017,Boston
1.56,31132.88,organic,2017,Boston
1.56,31066.35,organic,2017,Boston
1.74,25480.22,organic,2017,Boston
1.76,22577.26,organic,2017,Boston
1.75,22339.0,organic,2017,Boston
1.72,22954.83,organic,2017,Boston
1.77,18946.53,organic,2017,Boston
1.61,22037.86,organic,2017,Boston
1.61,23890.76,organic,2017,Boston
1.59,28957.04,organic,2017,Boston
1.61,25501.3,organic,2017,Boston
2.17,20152.69,organic,2017,Boston
2.13,19686.52,organic,2017,Boston
2.13,22051.39,organic,2017,Boston
2.12,23277.63,organic,2017,Boston
2.07,20437.87,organic,2017,Boston
2.04,22924.67,organic,2017,Boston
2.04,20860.14,organic,2017,Boston
1.92,22165.79,organic,2017,Boston
1.99,21115.24,organic,2017,Boston
1.98,21056.26,organic,2017,Boston
2.02,17863.55,organic,2017,Boston
1.88,17773.38,organic,2017,Boston
2.0,17641.48,organic,2017,Boston
2.0,17032.99,organic,2017,Boston
2.0,16320.74,organic,2017,Boston
2.02,17307.58,organic,2017,Boston
2.06,18134.67,organic,2017,Boston
2.09,18294.75,organic,2017,Boston
1.72,19270.33,organic,2017,Boston
2.01,14572.36,organic,2017,Boston
2.06,16177.04,organic,2017,Boston
1.95,17727.36,organic,2017,Boston
1.63,22249.09,organic,2017,Boston
1.9,15270.59,organic,2017,Boston
1.93,15417.31,organic,2017,Boston
1.88,17012.28,organic,2017,Boston
1.95,17555.2,organic,2017,Boston
2.06,13438.22,organic,2017,Boston
1.79,26040.03,organic,2017,Chicago
1.81,32444.19,organic,2017,Chicago
1.39,44435.16,organic,2017,Chicago
1.65,40734.03,organic,2017,Chicago
1.75,32233.21,organic,2017,Chicago
1.73,28513.37,organic,2017,Chicago
1.79,27898.67,organic,2017,Chicago
2.06,32924.34,organic,2017,Chicago
1.95,41108.47,organic,2017,Chicago
2.06,35333.89,organic,2017,Chicago
2.1,33775.92,organic,2017,Chicago
1.9,42271.67,organic,2017,Chicago
1.8,44054.7,organic,2017,Chicago
1.84,31903.97,organic,2017,Chicago
1.92,33346.53,organic,2017,Chicago
2.13,28047.95,organic,2017,Chicago
1.96,26481.45,organic,2017,Chicago
2.05,20131.27,organic,2017,Chicago
2.11,26530.32,organic,2017,Chicago
1.71,13896.65,organic,2017,Chicago
1.69,17452.06,organic,2017,Chicago
1.74,13741.86,organic,2017,Chicago
1.9,39043.11,organic,2017,Chicago
1.88,36591.27,organic,2017,Chicago
1.83,43700.57,organic,2017,Chicago
1.99,34529.39,organic,2017,Chicago
1.98,34696.48,organic,2017,Chicago
1.98,34223.93,organic,2017,Chicago
1.98,36015.84,organic,2017,Chicago
1.96,44859.81,organic,2017,Chicago
1.94,46993.63,organic,2017,Chicago
1.93,48877.42,organic,2017,Chicago
1.94,44591.86,organic,2017,Chicago
1.93,40490.25,organic,2017,Chicago
1.95,42798.67,organic,2017,Chicago
1.97,46274.23,organic,2017,Chicago
1.67,50574.88,organic,2017,Chicago
1.74,68194.97,organic,2017,Chicago
1.95,57024.53,organic,2017,Chicago
1.94,56046.88,organic,2017,Chicago
1.67,48330.46,organic,2017,Chicago
1.68,45989.07,organic,2017,Chicago
1.93,33185.31,organic,2017,Chicago
1.64,47884.05,organic,2017,Chicago
1.69,46602.16,organic,2017,Chicago
1.6,36645.7,organic,2017,Chicago
1.53,35870.49,organic,2017,Chicago
1.49,42439.11,organic,2017,Chicago
1.51,44735.4,organic,2017,Chicago
1.51,47561.03,organic,2017,Chicago
1.85,38542.5,organic,2017,Chicago
1.81,28099.34,organic,2017,Chicago
1.34,36915.87,organic,2017,Chicago
1.36,16505.2,organic,2017,SouthCarolina
1.48,12762.43,organic,2017,SouthCarolina
1.44,13189.97,organic,2017,SouthCarolina
1.42,13083.41,organic,2017,SouthCarolina
1.49,12670.32,organic,2017,SouthCarolina
1.54,12659.93,organic,2017,SouthCarolina
1.56,12562.5,organic,2017,SouthCarolina
1.64,14375.75,organic,2017,SouthCarolina
1.68,13736.56,organic,2017,SouthCarolina
1.69,15261.11,organic,2017,SouthCarolina
1.7,15014.96,organic,2017,SouthCarolina
1.78,15150.22,organic,2017,SouthCarolina
2.04,14402.07,organic,2017,SouthCarolina
2.15,12921.65,organic,2017,SouthCarolina
2.1,14716.18,organic,2017,SouthCarolina
2.21,11850.68,organic,2017,SouthCarolina
2.02,14718.3,organic,2017,SouthCarolina
2.11,14334.93,organic,2017,SouthCarolina
2.03,14071.97,organic,2017,SouthCarolina
1.88,14864.18,organic,2017,SouthCarolina
1.78,13678.65,organic,2017,SouthCarolina
1.74,11964.74,organic,2017,SouthCarolina
1.57,14475.54,organic,2017,SouthCarolina
1.81,12851.13,organic,2017,SouthCarolina
1.83,12087.77,organic,2017,SouthCarolina
1.76,14990.91,organic,2017,SouthCarolina
1.82,14824.81,organic,2017,SouthCarolina
1.67,17275.62,organic,2017,SouthCarolina
1.72,13816.79,organic,2017,SouthCarolina
1.61,14897.51,organic,2017,SouthCarolina
1.89,9543.8,organic,2017,SouthCarolina
1.97,8937.3,organic,2017,SouthCarolina
1.86,8777.8,organic,2017,SouthCarolina
1.91,7927.37,organic,2017,SouthCarolina
1.8,7048.36,organic,2017,SouthCarolina
1.87,7072.22,organic,2017,SouthCarolina
1.97,6587.58,organic,2017,SouthCarolina
1.69,7761.81,organic,2017,SouthCarolina
1.4,12281.48,organic,2017,SouthCarolina
1.5,10286.24,organic,2017,SouthCarolina
1.7,7812.03,organic,2017,SouthCarolina
1.34,8769.05,organic,2017,SouthCarolina
1.38,11551.46,organic,2017,SouthCarolina
0.99,17212.92,organic,2017,SouthCarolina
1.13,14902.59,organic,2017,SouthCarolina
1.4,11183.49,organic,2017,SouthCarolina
1.38,9862.15,organic,2017,SouthCarolina
1.45,9116.85,organic,2017,SouthCarolina
1.43,9208.26,organic,2017,SouthCarolina
1.44,8519.07,organic,2017,SouthCarolina
1.45,9692.83,organic,2017,SouthCarolina
1.48,9552.09,organic,2017,SouthCarolina
1.67,6866.1,organic,2017,SouthCarolina
1.74,38441.23,organic,2018,Boston
1.83,34809.9,organic,2018,Boston
1.85,30476.66,organic,2018,Boston
1.92,23890.64,organic,2018,Boston
1.79,31567.3,organic,2018,Boston
1.83,27960.77,organic,2018,Boston
1.85,24728.12,organic,2018,Boston
1.83,28934.01,organic,2018,Boston
1.72,30846.35,organic,2018,Boston
1.82,26704.98,organic,2018,Boston
1.73,29468.36,organic,2018,Boston
1.91,30096.0,organic,2018,Boston
1.69,35088.36,organic,2018,Chicago
1.66,35542.17,organic,2018,Chicago
1.66,41969.83,organic,2018,Chicago
1.62,46026.58,organic,2018,Chicago
1.68,36432.65,organic,2018,Chicago
1.66,33678.58,organic,2018,Chicago
1.65,38202.17,organic,2018,Chicago
1.62,46956.84,organic,2018,Chicago
1.72,40770.94,organic,2018,Chicago
1.82,36688.67,organic,2018,Chicago
1.79,44955.89,organic,2018,Chicago
1.83,41573.25,organic,2018,Chicago
1.38,16025.2,organic,2018,SouthCarolina
1.35,16296.42,organic,2018,SouthCarolina
1.36,17561.89,organic,2018,SouthCarolina
1.44,16468.01,organic,2018,SouthCarolina
1.41,17191.34,organic,2018,SouthCarolina
1.43,15443.91,organic,2018,SouthCarolina
1.47,14289.52,organic,2018,SouthCarolina
1.42,16666.13,organic,2018,SouthCarolina
1.46,14938.24,organic,2018,SouthCarolina
1.4,17566.45,organic,2018,SouthCarolina
1.31,18678.63,organic,2018,SouthCarolina
1.26,19702.51,organic,2018,SouthCarolina
